order_id,customer_id,order_date,city,product_id,product_name,category,quantity,price
91,156,2024-03-03,Delhi,217,Mouse,Accessories,1,27529
92,145,2024-02-27,Chennai,203,Tablet,Accessories,3,40189
93,172,2024-01-22,Hyderabad,209,Watch,Electronics,4,20812
94,171,2024-02-03,Delhi,210,Watch,Electronics,4,46117
95,158,2024-01-17,Hyderabad,207,Laptop,Electronics,1,7721
96,131,2024-01-13,Delhi,204,Phone,Fashion,2,18677
97,169,2024-02-02,Delhi,212,Keyboard,Electronics,5,1265
98,114,2024-03-03,Hyderabad,200,Phone,Electronics,1,35042
99,117,2024-03-12,Mumbai,217,Mouse,Electronics,2,34017
100,131,2024-02-22,Chennai,201,Tablet,Accessories,1,14805
81,186,2024-02-11,Delhi,205,Shoes,Accessories,3,27003
82,113,2024-01-07,Chennai,213,Tablet,Electronics,1,40627
83,156,2024-02-08,Mumbai,216,Mouse,Electronics,1,47129
84,137,2024-01-05,Hyderabad,212,Backpack,Accessories,4,17263
85,143,2024-01-18,Delhi,212,Shoes,Accessories,3,2040
86,176,2024-03-06,Bangalore,212,Shoes,Fashion,4,27615
87,171,2024-03-25,Mumbai,200,Headphones,Fashion,4,3331
88,124,2024-01-05,Mumbai,208,Headphones,Fashion,4,17230
89,141,2024-01-05,Hyderabad,200,Mouse,Accessories,3,19887
90,173,2024-02-17,Mumbai,209,Shoes,Electronics,3,40930
71,167,2024-03-25,Delhi,210,Headphones,Fashion,2,28423
72,167,2024-03-05,Mumbai,210,Mouse,Electronics,1,11943
73,164,2024-02-20,Chennai,210,Shoes,Electronics,2,49568
74,105,2024-01-29,Mumbai,205,Phone,Electronics,2,1347
75,195,2024-03-06,Delhi,214,Watch,Electronics,4,28152
76,165,2024-02-24,Hyderabad,208,Phone,Accessories,4,33092
77,110,2024-02-20,Mumbai,216,T-shirt,Fashion,5,13684
78,134,2024-03-27,Delhi,216,Mouse,Electronics,3,22371
79,185,2024-03-27,Bangalore,206,Keyboard,Electronics,3,9611
80,122,2024-02-23,Bangalore,211,Phone,Fashion,2,32626
61,159,2024-01-06,Mumbai,209,Backpack,Fashion,2,4519
62,136,2024-02-23,Chennai,211,Laptop,Fashion,1,1165
63,159,2024-03-26,Chennai,218,Backpack,Accessories,3,25160
64,108,2024-03-26,Mumbai,212,Backpack,Accessories,3,5163
65,109,2024-01-17,Delhi,211,Mouse,Accessories,5,6488
66,161,2024-03-03,Delhi,201,Watch,Accessories,4,1848
67,114,2024-02-28,Chennai,201,Mouse,Fashion,5,46817
68,166,2024-02-17,Delhi,215,Backpack,Fashion,2,41076
69,126,2024-03-20,Delhi,209,Tablet,Accessories,2,25728
70,174,2024-01-18,Delhi,204,Keyboard,Fashion,5,3492
51,160,2024-03-16,Bangalore,207,T-shirt,Fashion,5,10290
52,135,2024-01-17,Chennai,212,T-shirt,Fashion,5,20727
53,130,2024-01-30,Delhi,213,Laptop,Electronics,5,37142
54,124,2024-01-01,Bangalore,210,T-shirt,Accessories,1,13941
55,187,2024-02-19,Hyderabad,200,Backpack,Fashion,3,41378
56,164,2024-03-10,Chennai,208,Shoes,Fashion,3,7282
57,188,2024-01-02,Mumbai,201,Shoes,Fashion,3,31698
58,166,2024-02-08,Hyderabad,211,Laptop,Accessories,5,47633
59,122,2024-01-27,Chennai,202,Shoes,Fashion,2,43598
60,135,2024-01-19,Chennai,203,Mouse,Electronics,1,35410
41,137,2024-03-11,Delhi,212,T-shirt,Fashion,5,44369
42,158,2024-01-25,Delhi,204,Tablet,Electronics,2,32726
43,127,2024-02-10,Mumbai,216,Keyboard,Accessories,5,12916
44,168,2024-03-03,Mumbai,200,Backpack,Accessories,3,23380
45,164,2024-03-16,Bangalore,216,Watch,Electronics,4,39560
46,102,2024-03-12,Chennai,203,Phone,Accessories,5,38429
47,130,2024-01-21,Bangalore,208,Headphones,Electronics,4,29542
48,193,2024-03-22,Delhi,200,Mouse,Fashion,5,3102
49,144,2024-01-06,Chennai,215,Keyboard,Accessories,4,8488
50,158,2024-02-11,Mumbai,206,Mouse,Accessories,1,15724
31,110,2024-02-26,Delhi,202,Shoes,Fashion,2,29317
32,113,2024-03-24,Bangalore,208,Tablet,Accessories,3,49935
33,164,2024-01-22,Bangalore,214,Backpack,Fashion,4,31911
34,110,2024-02-28,Chennai,215,Mouse,Fashion,2,47966
35,104,2024-02-04,Delhi,214,Watch,Fashion,1,26028
36,108,2024-03-19,Hyderabad,219,Headphones,Accessories,1,15888
37,142,2024-01-20,Chennai,207,Watch,Accessories,3,14013
38,191,2024-03-10,Hyderabad,206,Laptop,Electronics,5,43824
39,184,2024-02-27,Delhi,205,Headphones,Accessories,5,44286
40,137,2024-01-25,Bangalore,204,Tablet,Accessories,2,32863
21,106,2024-02-03,Delhi,203,Keyboard,Accessories,2,12532
22,126,2024-02-24,Bangalore,207,Laptop,Electronics,4,28877
23,149,2024-03-09,Bangalore,206,Headphones,Accessories,1,43944
24,185,2024-03-03,Chennai,205,Backpack,Accessories,3,29013
25,140,2024-01-28,Bangalore,213,Watch,Fashion,2,10000
26,129,2024-03-22,Delhi,208,Laptop,Accessories,3,5402
27,192,2024-02-01,Chennai,214,Keyboard,Accessories,3,6877
28,137,2024-02-15,Mumbai,210,Watch,Electronics,4,18232
29,147,2024-01-31,Bangalore,203,Phone,Accessories,4,26860
30,152,2024-01-04,Delhi,200,Laptop,Electronics,2,44828
11,129,2024-03-14,Hyderabad,210,Phone,Accessories,1,30567
12,188,2024-02-27,Mumbai,214,Mouse,Accessories,1,7668
13,135,2024-02-01,Delhi,207,Backpack,Fashion,4,18456
14,198,2024-03-16,Bangalore,212,Watch,Electronics,3,16972
15,197,2024-03-22,Delhi,206,Backpack,Accessories,3,1346
16,176,2024-03-10,Mumbai,212,Laptop,Fashion,2,18734
17,108,2024-01-28,Bangalore,211,Mouse,Accessories,3,5434
18,190,2024-01-22,Mumbai,211,Headphones,Electronics,5,25628
19,154,2024-01-19,Bangalore,206,Tablet,Fashion,3,29768
20,126,2024-02-19,Chennai,205,Watch,Accessories,5,27632
1,199,2024-02-02,Delhi,217,Phone,Accessories,1,40101
2,147,2024-03-30,Mumbai,213,Keyboard,Electronics,5,42944
3,135,2024-01-21,Hyderabad,214,Tablet,Accessories,5,49293
4,122,2024-01-16,Bangalore,210,Mouse,Electronics,1,12722
5,170,2024-03-14,Chennai,204,Laptop,Accessories,1,35877
6,152,2024-02-15,Chennai,206,Backpack,Fashion,5,50174
7,104,2024-01-20,Chennai,204,Laptop,Accessories,4,38685
8,143,2024-03-20,Hyderabad,216,Keyboard,Accessories,1,801
9,195,2024-03-09,Chennai,210,T-shirt,Accessories,4,5870
10,157,2024-02-21,Hyderabad,216,Keyboard,Accessories,5,4570
191,148,2024-01-16,Bangalore,209,Laptop,Accessories,2,37160
192,199,2024-03-08,Chennai,214,Laptop,Electronics,2,40489
193,109,2024-01-09,Hyderabad,210,Shoes,Electronics,1,12777
194,110,2024-03-13,Delhi,200,Mouse,Accessories,2,49935
195,103,2024-01-19,Chennai,218,Keyboard,Fashion,4,14213
196,141,2024-01-25,Hyderabad,212,Backpack,Electronics,4,45089
197,109,2024-03-13,Delhi,204,Keyboard,Accessories,1,21858
198,172,2024-01-31,Mumbai,211,Tablet,Electronics,2,35887
199,153,2024-02-20,Hyderabad,205,Keyboard,Electronics,3,14865
200,170,2024-03-01,Bangalore,204,Laptop,Accessories,2,20916
181,185,2024-01-05,Delhi,207,Backpack,Fashion,1,43949
182,125,2024-02-28,Mumbai,211,Laptop,Accessories,5,17181
183,190,2024-02-18,Chennai,203,Mouse,Electronics,3,29536
184,147,2024-02-28,Delhi,201,Keyboard,Electronics,3,7643
185,198,2024-02-16,Delhi,209,Headphones,Fashion,2,7116
186,188,2024-01-01,Bangalore,219,T-shirt,Electronics,2,32223
187,138,2024-01-02,Chennai,212,Laptop,Fashion,2,5198
188,169,2024-01-19,Chennai,219,Laptop,Electronics,5,7499
189,101,2024-02-29,Bangalore,206,Backpack,Accessories,2,31714
190,129,2024-02-25,Hyderabad,202,Mouse,Fashion,2,25225
171,137,2024-02-05,Chennai,202,Mouse,Fashion,1,23969
172,196,2024-02-07,Hyderabad,212,Headphones,Accessories,5,27058
173,112,2024-01-03,Delhi,214,Laptop,Electronics,1,9691
174,147,2024-03-14,Delhi,217,Watch,Accessories,5,16586
175,110,2024-02-21,Mumbai,217,Keyboard,Fashion,1,32859
176,114,2024-03-12,Mumbai,204,Tablet,Accessories,4,8627
177,159,2024-02-14,Delhi,216,Laptop,Accessories,5,708
178,152,2024-02-25,Mumbai,213,Keyboard,Electronics,3,6768
179,195,2024-02-06,Hyderabad,211,Tablet,Electronics,2,42519
180,112,2024-01-10,Hyderabad,209,Mouse,Fashion,2,20435
161,191,2024-02-03,Hyderabad,210,Shoes,Electronics,2,12060
162,115,2024-01-09,Hyderabad,215,Mouse,Electronics,4,30846
163,192,2024-03-11,Hyderabad,207,Headphones,Fashion,5,28981
164,144,2024-02-14,Hyderabad,206,Shoes,Accessories,4,46665
165,155,2024-01-01,Bangalore,215,Backpack,Electronics,3,25934
166,104,2024-03-01,Bangalore,204,Tablet,Fashion,5,20270
167,134,2024-02-17,Mumbai,208,Laptop,Electronics,4,16812
168,144,2024-01-22,Chennai,210,Phone,Accessories,4,45550
169,158,2024-01-20,Bangalore,218,Backpack,Accessories,4,30624
170,163,2024-02-01,Chennai,203,Watch,Fashion,5,2304
151,162,2024-01-03,Bangalore,206,T-shirt,Fashion,1,49906
152,181,2024-01-12,Bangalore,212,Headphones,Accessories,5,34020
153,148,2024-02-09,Delhi,204,Phone,Accessories,3,4781
154,102,2024-03-17,Bangalore,208,T-shirt,Accessories,5,9086
155,121,2024-02-19,Hyderabad,219,Headphones,Accessories,5,722
156,160,2024-01-01,Hyderabad,219,Laptop,Electronics,4,39729
157,173,2024-01-30,Mumbai,202,Tablet,Accessories,1,39739
158,163,2024-03-12,Hyderabad,201,Phone,Accessories,4,42288
159,193,2024-01-16,Hyderabad,217,Phone,Fashion,5,18798
160,136,2024-03-06,Mumbai,211,Shoes,Accessories,3,46711
141,187,2024-02-23,Bangalore,200,Mouse,Accessories,5,10222
142,130,2024-03-26,Chennai,204,T-shirt,Fashion,3,41736
143,180,2024-02-19,Bangalore,219,Mouse,Accessories,5,20765
144,123,2024-03-26,Hyderabad,207,Keyboard,Accessories,5,49504
145,115,2024-03-13,Delhi,211,Phone,Fashion,3,13305
146,154,2024-03-26,Hyderabad,212,Mouse,Accessories,1,9811
147,159,2024-02-08,Bangalore,209,Laptop,Accessories,1,18634
148,163,2024-01-10,Delhi,214,Mouse,Electronics,4,43680
149,106,2024-03-08,Mumbai,209,Backpack,Electronics,1,17400
150,165,2024-01-23,Bangalore,212,Laptop,Fashion,4,35162
131,157,2024-03-12,Bangalore,218,Mouse,Accessories,5,12171
132,152,2024-03-25,Hyderabad,214,Shoes,Accessories,4,10686
133,173,2024-01-05,Hyderabad,203,T-shirt,Accessories,3,25918
134,121,2024-02-19,Hyderabad,219,Tablet,Fashion,2,36484
135,156,2024-02-27,Mumbai,214,Mouse,Accessories,3,42255
136,142,2024-02-24,Delhi,200,Keyboard,Electronics,4,13242
137,127,2024-02-24,Bangalore,206,Keyboard,Fashion,2,18188
138,188,2024-01-31,Hyderabad,206,Watch,Accessories,2,33803
139,156,2024-03-17,Mumbai,202,Mouse,Fashion,5,8359
140,182,2024-03-01,Chennai,208,Headphones,Electronics,1,5390
121,145,2024-03-28,Mumbai,213,Keyboard,Fashion,1,42367
122,161,2024-02-20,Chennai,201,Tablet,Electronics,3,15765
123,177,2024-03-27,Mumbai,209,Phone,Accessories,4,14669
124,125,2024-02-06,Bangalore,201,Headphones,Fashion,5,33863
125,186,2024-01-30,Hyderabad,204,Phone,Fashion,4,48041
126,153,2024-03-13,Mumbai,215,Headphones,Fashion,1,43005
127,169,2024-03-25,Delhi,205,Tablet,Accessories,5,24061
128,164,2024-03-15,Bangalore,211,Watch,Accessories,4,25704
129,130,2024-01-03,Bangalore,200,Headphones,Fashion,4,12713
130,106,2024-02-21,Delhi,213,Tablet,Electronics,5,12910
111,164,2024-02-13,Mumbai,218,Shoes,Electronics,3,45116
112,192,2024-03-27,Hyderabad,204,Phone,Fashion,1,40582
113,199,2024-02-21,Chennai,214,Keyboard,Electronics,5,21140
114,146,2024-01-09,Hyderabad,202,Watch,Fashion,4,46667
115,141,2024-01-27,Bangalore,204,Headphones,Accessories,4,39072
116,188,2024-01-12,Chennai,211,Mouse,Accessories,3,30644
117,175,2024-03-27,Mumbai,215,Laptop,Electronics,5,42160
118,159,2024-02-14,Delhi,216,Shoes,Electronics,2,46565
119,183,2024-02-08,Delhi,215,Shoes,Electronics,3,10570
120,137,2024-01-24,Hyderabad,202,Phone,Electronics,5,11752
101,155,2024-01-11,Chennai,202,Phone,Accessories,3,7875
102,137,2024-02-09,Hyderabad,218,Headphones,Accessories,3,10876
103,143,2024-02-19,Mumbai,211,Headphones,Accessories,2,21314
104,127,2024-01-10,Delhi,204,Mouse,Electronics,5,5363
105,174,2024-02-06,Chennai,218,Shoes,Accessories,3,16778
106,126,2024-01-30,Chennai,205,Keyboard,Fashion,2,17508
107,105,2024-01-25,Hyderabad,202,Phone,Electronics,1,814
108,191,2024-02-19,Hyderabad,208,Mouse,Fashion,2,44954
109,132,2024-03-28,Chennai,210,Mouse,Accessories,2,7390
110,102,2024-03-06,Mumbai,213,T-shirt,Electronics,5,19566
291,195,2024-02-25,Bangalore,207,Phone,Electronics,4,9760
292,169,2024-03-23,Mumbai,214,Phone,Electronics,2,7983
293,192,2024-01-15,Hyderabad,212,Phone,Fashion,1,5044
294,117,2024-02-24,Mumbai,211,Headphones,Accessories,2,2479
295,141,2024-03-28,Mumbai,200,Watch,Fashion,5,49393
296,104,2024-01-29,Mumbai,203,T-shirt,Fashion,2,21301
297,128,2024-01-18,Hyderabad,218,Laptop,Fashion,5,10183
298,106,2024-03-09,Delhi,215,Phone,Accessories,5,6502
299,190,2024-01-13,Hyderabad,212,Shoes,Accessories,1,35015
300,118,2024-03-16,Delhi,214,T-shirt,Electronics,5,18644
281,182,2024-01-06,Chennai,216,Backpack,Fashion,5,42591
282,170,2024-01-02,Chennai,213,Headphones,Accessories,1,2246
283,101,2024-03-28,Chennai,202,Laptop,Accessories,5,22150
284,162,2024-03-16,Bangalore,202,T-shirt,Accessories,1,48768
285,161,2024-01-18,Hyderabad,219,Tablet,Fashion,4,24009
286,110,2024-01-11,Bangalore,217,Backpack,Electronics,5,26247
287,181,2024-02-15,Hyderabad,219,T-shirt,Electronics,2,29123
288,109,2024-03-09,Mumbai,204,T-shirt,Fashion,2,18828
289,103,2024-01-05,Hyderabad,213,Keyboard,Electronics,3,10296
290,126,2024-03-06,Chennai,203,Shoes,Fashion,2,8010
271,104,2024-03-08,Delhi,200,Phone,Electronics,1,35084
272,119,2024-03-22,Chennai,200,Watch,Accessories,2,40433
273,186,2024-03-23,Chennai,204,Phone,Accessories,3,17786
274,117,2024-03-15,Delhi,211,Phone,Fashion,2,41959
275,139,2024-02-14,Bangalore,218,Backpack,Electronics,4,20856
276,123,2024-03-26,Hyderabad,208,Mouse,Fashion,1,3595
277,122,2024-03-26,Hyderabad,209,Phone,Electronics,2,5416
278,162,2024-03-15,Bangalore,217,Tablet,Accessories,1,26100
279,141,2024-02-19,Mumbai,216,Backpack,Accessories,5,12674
280,169,2024-03-06,Mumbai,211,Laptop,Electronics,5,26271
261,193,2024-01-12,Chennai,213,Mouse,Accessories,4,21552
262,118,2024-03-01,Delhi,217,Phone,Accessories,3,16416
263,105,2024-01-27,Bangalore,215,Keyboard,Accessories,2,17884
264,199,2024-03-26,Delhi,217,Shoes,Electronics,4,37448
265,160,2024-03-14,Bangalore,218,Keyboard,Fashion,4,40470
266,113,2024-01-26,Hyderabad,204,Shoes,Accessories,3,20154
267,157,2024-03-02,Delhi,208,Phone,Electronics,1,13206
268,101,2024-01-26,Mumbai,203,Backpack,Electronics,1,30446
269,150,2024-03-08,Bangalore,216,Tablet,Fashion,4,49738
270,166,2024-02-04,Chennai,209,T-shirt,Accessories,4,720
251,115,2024-03-09,Bangalore,207,Keyboard,Electronics,1,7339
252,137,2024-02-10,Hyderabad,205,Phone,Electronics,3,10061
253,169,2024-03-24,Mumbai,217,T-shirt,Accessories,3,40748
254,148,2024-01-01,Mumbai,216,Headphones,Accessories,3,7362
255,142,2024-03-07,Bangalore,215,Headphones,Fashion,3,27260
256,119,2024-02-01,Hyderabad,214,Shoes,Accessories,2,49330
257,111,2024-02-29,Chennai,217,Tablet,Fashion,5,14850
258,169,2024-02-26,Hyderabad,208,Phone,Accessories,1,28893
259,182,2024-02-05,Mumbai,209,T-shirt,Electronics,3,8735
260,130,2024-01-05,Bangalore,207,Phone,Accessories,2,43877
241,147,2024-03-09,Bangalore,211,Keyboard,Electronics,5,37257
242,196,2024-02-24,Hyderabad,218,Shoes,Electronics,5,48460
243,130,2024-02-26,Bangalore,205,T-shirt,Fashion,2,44228
244,166,2024-03-03,Mumbai,207,Watch,Fashion,3,33284
245,104,2024-01-25,Bangalore,204,Tablet,Fashion,5,5741
246,112,2024-01-27,Hyderabad,213,Mouse,Accessories,5,12874
247,176,2024-01-07,Hyderabad,202,Watch,Fashion,2,45927
248,175,2024-01-04,Chennai,213,Tablet,Electronics,1,10953
249,102,2024-02-15,Mumbai,213,Phone,Fashion,5,9223
250,117,2024-02-03,Bangalore,211,Backpack,Electronics,5,32775
231,159,2024-01-05,Mumbai,202,Laptop,Accessories,4,27161
232,177,2024-01-23,Chennai,200,Laptop,Electronics,1,10121
233,152,2024-01-04,Delhi,200,Laptop,Electronics,4,978
234,112,2024-02-24,Delhi,209,Tablet,Accessories,3,5582
235,107,2024-01-07,Hyderabad,209,Keyboard,Accessories,2,41714
236,103,2024-03-03,Bangalore,217,Laptop,Fashion,3,26564
237,189,2024-03-22,Chennai,208,T-shirt,Accessories,1,20768
238,154,2024-02-17,Chennai,207,Keyboard,Electronics,5,47432
239,122,2024-01-26,Delhi,219,Headphones,Accessories,1,36707
240,102,2024-03-25,Delhi,205,Headphones,Accessories,2,49038
221,110,2024-02-24,Delhi,217,Phone,Accessories,1,39196
222,163,2024-03-19,Mumbai,213,Phone,Electronics,2,44577
223,129,2024-03-16,Bangalore,200,Laptop,Electronics,2,44673
224,127,2024-03-05,Delhi,212,Backpack,Electronics,5,4935
225,194,2024-02-09,Bangalore,212,Mouse,Accessories,4,31752
226,111,2024-03-03,Hyderabad,213,Keyboard,Fashion,2,10449
227,119,2024-02-03,Bangalore,204,Laptop,Accessories,5,23003
228,141,2024-03-07,Mumbai,219,T-shirt,Electronics,4,16939
229,164,2024-01-23,Bangalore,216,Shoes,Fashion,4,15764
230,131,2024-02-28,Bangalore,213,Watch,Accessories,3,2125
211,191,2024-02-12,Delhi,212,Shoes,Electronics,2,16909
212,149,2024-02-12,Chennai,218,Phone,Fashion,2,50031
213,107,2024-02-04,Delhi,206,Headphones,Fashion,4,11478
214,122,2024-02-09,Mumbai,209,T-shirt,Accessories,5,24718
215,154,2024-01-25,Delhi,215,T-shirt,Electronics,3,46415
216,127,2024-02-23,Hyderabad,201,Keyboard,Electronics,4,20678
217,187,2024-01-15,Hyderabad,206,Laptop,Electronics,3,992
218,183,2024-01-15,Bangalore,201,Watch,Fashion,3,21517
219,131,2024-01-27,Mumbai,217,Backpack,Electronics,5,28481
220,101,2024-02-06,Chennai,214,T-shirt,Electronics,5,11043
201,116,2024-01-20,Mumbai,203,Shoes,Electronics,3,39105
202,149,2024-01-13,Bangalore,212,Headphones,Accessories,2,4710
203,178,2024-02-29,Chennai,215,Phone,Accessories,3,25827
204,116,2024-01-29,Hyderabad,207,Backpack,Fashion,5,47663
205,125,2024-02-09,Mumbai,216,Mouse,Electronics,1,44669
206,115,2024-01-11,Hyderabad,204,Backpack,Accessories,4,50370
207,159,2024-03-30,Hyderabad,219,Watch,Fashion,2,35227
208,146,2024-01-24,Chennai,215,Shoes,Electronics,5,37108
209,198,2024-03-04,Mumbai,215,Laptop,Accessories,5,11938
210,154,2024-01-02,Mumbai,206,Laptop,Fashion,1,19571
391,156,2024-03-03,Delhi,214,Tablet,Accessories,2,1067
392,197,2024-03-14,Hyderabad,209,Backpack,Fashion,3,19164
393,142,2024-01-02,Delhi,217,Shoes,Accessories,1,28593
394,169,2024-03-13,Chennai,205,Headphones,Accessories,5,31959
395,155,2024-03-19,Delhi,216,Phone,Accessories,2,23014
396,137,2024-02-15,Bangalore,209,Shoes,Electronics,1,15459
397,139,2024-01-09,Bangalore,202,Keyboard,Fashion,4,36270
398,142,2024-03-27,Mumbai,215,Laptop,Accessories,1,47416
399,114,2024-03-21,Hyderabad,210,Headphones,Electronics,4,25867
400,130,2024-01-03,Hyderabad,218,Phone,Electronics,3,20394
381,161,2024-03-18,Mumbai,214,Laptop,Electronics,2,44951
382,148,2024-03-09,Bangalore,207,Mouse,Accessories,4,17308
383,156,2024-03-12,Bangalore,202,T-shirt,Accessories,3,43682
384,180,2024-02-09,Delhi,209,Phone,Electronics,1,42527
385,119,2024-02-11,Delhi,202,Tablet,Accessories,4,14857
386,122,2024-01-24,Delhi,207,Mouse,Accessories,1,22910
387,167,2024-01-01,Hyderabad,202,Tablet,Accessories,3,23698
388,189,2024-01-08,Delhi,209,Phone,Accessories,3,38855
389,127,2024-01-09,Delhi,219,Keyboard,Fashion,2,26919
390,164,2024-02-27,Bangalore,207,Shoes,Fashion,3,22765
371,192,2024-01-27,Delhi,210,Headphones,Electronics,4,32515
372,190,2024-02-22,Bangalore,207,Shoes,Accessories,1,49677
373,186,2024-02-05,Bangalore,212,Phone,Fashion,3,46417
374,103,2024-02-06,Chennai,207,Shoes,Fashion,5,6117
375,189,2024-01-12,Chennai,208,Laptop,Accessories,1,15621
376,141,2024-01-14,Mumbai,203,Laptop,Fashion,3,48494
377,104,2024-02-03,Delhi,207,Keyboard,Accessories,2,50350
378,183,2024-01-19,Mumbai,217,Keyboard,Fashion,2,22335
379,155,2024-02-12,Delhi,201,Watch,Electronics,3,21214
380,173,2024-02-09,Chennai,210,Backpack,Electronics,1,21413
361,194,2024-02-11,Mumbai,200,T-shirt,Electronics,2,20196
362,129,2024-01-29,Delhi,208,Mouse,Accessories,5,20708
363,115,2024-02-21,Bangalore,204,Keyboard,Accessories,1,49352
364,179,2024-01-03,Delhi,213,Phone,Fashion,1,40437
365,188,2024-01-01,Bangalore,218,Watch,Electronics,5,13327
366,130,2024-03-10,Chennai,206,Keyboard,Electronics,5,27376
367,104,2024-02-25,Chennai,216,Tablet,Fashion,3,39828
368,147,2024-01-02,Delhi,204,Shoes,Electronics,5,21522
369,152,2024-02-03,Bangalore,205,T-shirt,Electronics,1,37112
370,150,2024-01-30,Hyderabad,211,T-shirt,Fashion,5,18721
351,116,2024-03-08,Bangalore,218,Keyboard,Fashion,4,12129
352,103,2024-02-11,Bangalore,212,Headphones,Accessories,4,33585
353,136,2024-03-15,Hyderabad,216,Mouse,Fashion,2,1964
354,131,2024-02-14,Mumbai,202,Phone,Accessories,2,44873
355,149,2024-03-13,Mumbai,208,Watch,Accessories,3,48811
356,154,2024-03-16,Mumbai,204,Tablet,Fashion,1,38900
357,175,2024-02-14,Hyderabad,208,Headphones,Fashion,1,22553
358,117,2024-02-18,Hyderabad,207,Laptop,Accessories,1,4635
359,182,2024-03-20,Chennai,202,Backpack,Fashion,3,20679
360,177,2024-02-27,Chennai,210,Phone,Fashion,3,40960
341,164,2024-03-12,Hyderabad,215,Backpack,Electronics,1,35397
342,124,2024-01-12,Chennai,203,Shoes,Electronics,3,26271
343,137,2024-01-30,Mumbai,212,Tablet,Fashion,4,33528
344,115,2024-03-12,Mumbai,202,Shoes,Electronics,4,40598
345,195,2024-02-04,Hyderabad,201,Laptop,Electronics,1,7753
346,126,2024-03-21,Delhi,212,Laptop,Electronics,4,28704
347,177,2024-01-15,Mumbai,219,Tablet,Electronics,1,15397
348,142,2024-01-20,Chennai,207,Tablet,Electronics,5,26602
349,103,2024-02-22,Chennai,208,T-shirt,Electronics,4,1509
350,100,2024-03-26,Delhi,219,Tablet,Fashion,3,5270
331,170,2024-01-24,Hyderabad,201,Mouse,Fashion,2,23953
332,127,2024-03-28,Hyderabad,205,Watch,Accessories,3,25132
333,192,2024-01-15,Hyderabad,214,Tablet,Electronics,5,16258
334,112,2024-03-04,Hyderabad,209,Phone,Accessories,2,29142
335,111,2024-03-18,Chennai,205,Watch,Electronics,4,39974
336,197,2024-02-16,Delhi,214,T-shirt,Electronics,5,15392
337,154,2024-03-15,Mumbai,201,Keyboard,Accessories,5,37768
338,112,2024-02-06,Delhi,200,Shoes,Accessories,4,45809
339,145,2024-02-21,Mumbai,212,Backpack,Accessories,1,31958
340,102,2024-01-22,Hyderabad,215,T-shirt,Accessories,3,41757
321,162,2024-02-29,Mumbai,201,Shoes,Fashion,3,22712
322,189,2024-01-14,Hyderabad,218,Tablet,Fashion,4,13670
323,123,2024-02-02,Hyderabad,209,Phone,Accessories,4,22259
324,113,2024-02-02,Bangalore,217,Laptop,Fashion,2,29090
325,102,2024-02-05,Chennai,207,Shoes,Accessories,5,36376
326,171,2024-02-06,Chennai,203,Laptop,Fashion,3,23223
327,186,2024-03-26,Hyderabad,201,Backpack,Fashion,5,10526
328,135,2024-01-16,Chennai,210,Laptop,Fashion,4,18682
329,153,2024-02-22,Bangalore,216,Laptop,Accessories,2,21211
330,190,2024-01-25,Delhi,207,Phone,Accessories,5,5126
311,104,2024-03-26,Delhi,203,Phone,Accessories,4,19204
312,163,2024-01-03,Bangalore,203,Shoes,Electronics,1,21695
313,167,2024-01-09,Mumbai,201,Keyboard,Electronics,4,48340
314,148,2024-02-20,Bangalore,203,T-shirt,Accessories,2,34962
315,170,2024-02-12,Bangalore,217,Tablet,Accessories,5,37031
316,106,2024-01-12,Mumbai,215,Tablet,Electronics,3,30063
317,168,2024-02-28,Hyderabad,218,Shoes,Accessories,2,26801
318,181,2024-02-14,Hyderabad,215,T-shirt,Accessories,5,21783
319,154,2024-02-08,Mumbai,207,Laptop,Electronics,3,7991
320,141,2024-02-28,Chennai,219,Keyboard,Fashion,2,34105
301,126,2024-01-29,Delhi,217,Shoes,Accessories,3,49176
302,108,2024-02-17,Bangalore,205,Laptop,Electronics,5,13714
303,182,2024-01-31,Bangalore,202,Mouse,Fashion,2,47951
304,100,2024-01-16,Chennai,216,Tablet,Accessories,1,29017
305,149,2024-03-10,Bangalore,211,Backpack,Electronics,2,19446
306,181,2024-03-26,Bangalore,212,Shoes,Accessories,2,32948
307,134,2024-03-09,Delhi,212,Keyboard,Electronics,4,21718
308,127,2024-01-10,Delhi,201,Watch,Fashion,1,36739
309,120,2024-03-19,Delhi,219,T-shirt,Fashion,4,29945
310,101,2024-01-29,Mumbai,215,Shoes,Fashion,3,26290
491,119,2024-02-07,Mumbai,204,T-shirt,Accessories,4,17644
492,153,2024-02-29,Delhi,209,Laptop,Accessories,5,38039
493,179,2024-03-04,Hyderabad,211,Watch,Electronics,1,17745
494,170,2024-02-15,Bangalore,207,Keyboard,Electronics,5,43748
495,186,2024-03-08,Hyderabad,207,Headphones,Fashion,1,30931
496,192,2024-03-13,Bangalore,218,Backpack,Accessories,2,8265
497,164,2024-03-08,Chennai,219,Laptop,Fashion,5,40360
498,110,2024-01-11,Bangalore,202,Backpack,Fashion,3,41412
499,133,2024-01-22,Hyderabad,203,Watch,Electronics,5,37460
500,113,2024-02-12,Chennai,207,Mouse,Accessories,2,29502
481,124,2024-02-11,Delhi,212,Watch,Fashion,2,25973
482,169,2024-03-25,Delhi,206,Backpack,Accessories,4,6989
483,154,2024-01-28,Chennai,214,Keyboard,Electronics,3,21940
484,190,2024-01-20,Mumbai,207,Headphones,Accessories,4,35517
485,126,2024-01-20,Bangalore,215,Phone,Accessories,5,24403
486,143,2024-03-09,Mumbai,202,Shoes,Electronics,1,37907
487,134,2024-02-13,Bangalore,210,Tablet,Fashion,5,21514
488,149,2024-01-20,Delhi,208,Laptop,Accessories,3,37658
489,140,2024-03-13,Chennai,213,Keyboard,Electronics,5,26730
490,198,2024-02-03,Chennai,207,Laptop,Electronics,2,32804
471,144,2024-01-24,Hyderabad,204,Phone,Accessories,4,12068
472,197,2024-01-18,Hyderabad,210,Headphones,Electronics,5,42951
473,179,2024-02-08,Delhi,210,Laptop,Accessories,5,17708
474,120,2024-01-02,Mumbai,204,Backpack,Electronics,2,3181
475,143,2024-01-04,Chennai,204,Headphones,Accessories,1,7072
476,105,2024-03-21,Bangalore,215,Phone,Accessories,3,42929
477,163,2024-02-26,Bangalore,203,Watch,Accessories,5,34020
478,161,2024-01-04,Bangalore,214,Headphones,Accessories,4,41723
479,174,2024-01-25,Hyderabad,215,Headphones,Fashion,2,14477
480,153,2024-03-17,Delhi,211,Phone,Fashion,1,7735
461,144,2024-03-10,Mumbai,209,T-shirt,Accessories,3,31244
462,150,2024-02-29,Delhi,219,Headphones,Accessories,2,2930
463,140,2024-03-18,Hyderabad,217,Shoes,Electronics,1,44100
464,126,2024-03-03,Delhi,207,Backpack,Fashion,2,7863
465,176,2024-02-03,Mumbai,215,Phone,Accessories,4,31696
466,100,2024-01-13,Delhi,218,Backpack,Accessories,5,47481
467,106,2024-02-16,Bangalore,208,Mouse,Fashion,3,42116
468,183,2024-03-03,Chennai,215,Phone,Accessories,3,8305
469,143,2024-03-02,Hyderabad,213,Keyboard,Electronics,3,4533
470,178,2024-02-29,Chennai,216,Laptop,Accessories,5,2747
451,123,2024-01-05,Mumbai,210,Mouse,Electronics,1,45266
452,121,2024-02-03,Bangalore,202,Keyboard,Accessories,3,43759
453,199,2024-02-04,Chennai,209,Headphones,Electronics,4,20808
454,115,2024-02-22,Mumbai,207,Headphones,Fashion,3,42732
455,157,2024-01-29,Chennai,209,Backpack,Fashion,5,10869
456,129,2024-03-17,Bangalore,206,Tablet,Electronics,1,42651
457,177,2024-01-30,Bangalore,214,T-shirt,Electronics,2,24509
458,140,2024-02-22,Delhi,215,Backpack,Fashion,2,49342
459,195,2024-03-15,Bangalore,200,Laptop,Electronics,3,15110
460,124,2024-02-01,Hyderabad,201,Laptop,Accessories,2,16092
441,178,2024-03-30,Mumbai,200,Laptop,Electronics,4,13163
442,140,2024-01-26,Hyderabad,200,T-shirt,Electronics,3,34349
443,180,2024-03-29,Mumbai,212,Headphones,Accessories,5,2460
444,130,2024-02-05,Hyderabad,203,T-shirt,Accessories,5,43974
445,185,2024-03-02,Chennai,201,Keyboard,Accessories,1,1539
446,163,2024-01-10,Delhi,215,Phone,Accessories,1,49850
447,162,2024-01-17,Hyderabad,211,Backpack,Electronics,4,43799
448,123,2024-02-20,Hyderabad,215,T-shirt,Electronics,5,49230
449,187,2024-02-12,Delhi,205,Shoes,Accessories,2,11047
450,124,2024-02-21,Hyderabad,201,Keyboard,Electronics,3,42170
431,142,2024-02-27,Chennai,213,T-shirt,Electronics,2,16127
432,195,2024-03-14,Bangalore,214,Phone,Accessories,2,41804
433,126,2024-03-17,Mumbai,212,Keyboard,Electronics,5,14377
434,195,2024-03-26,Chennai,212,Watch,Electronics,3,2068
435,169,2024-02-03,Delhi,216,T-shirt,Electronics,5,46689
436,164,2024-02-10,Bangalore,206,T-shirt,Electronics,3,49595
437,115,2024-03-13,Mumbai,208,Headphones,Electronics,5,24722
438,180,2024-02-22,Mumbai,215,Tablet,Accessories,5,10495
439,112,2024-01-04,Chennai,219,Tablet,Fashion,5,17404
440,180,2024-01-03,Delhi,211,Headphones,Electronics,1,17445
421,117,2024-03-20,Chennai,213,Keyboard,Electronics,4,18465
422,173,2024-02-23,Delhi,200,Keyboard,Electronics,4,34384
423,131,2024-02-17,Delhi,218,Tablet,Fashion,4,2445
424,129,2024-02-01,Chennai,207,Laptop,Electronics,3,34390
425,188,2024-02-06,Bangalore,212,Shoes,Fashion,5,40584
426,112,2024-01-22,Chennai,207,Tablet,Electronics,4,33365
427,129,2024-02-16,Delhi,218,Tablet,Fashion,4,38096
428,157,2024-02-26,Mumbai,204,Mouse,Accessories,2,8226
429,183,2024-03-03,Chennai,217,Watch,Electronics,2,30164
430,188,2024-02-27,Mumbai,216,Tablet,Fashion,4,47021
411,143,2024-02-03,Mumbai,214,Mouse,Fashion,2,3142
412,151,2024-02-07,Mumbai,209,T-shirt,Electronics,1,36540
413,108,2024-01-25,Hyderabad,213,Shoes,Fashion,4,20168
414,103,2024-03-29,Chennai,204,Backpack,Accessories,5,16885
415,176,2024-03-17,Chennai,205,Headphones,Accessories,1,35352
416,191,2024-02-13,Delhi,217,Tablet,Fashion,2,35044
417,172,2024-02-19,Mumbai,202,Phone,Accessories,2,3080
418,117,2024-03-07,Hyderabad,213,Backpack,Accessories,4,2149
419,112,2024-02-19,Bangalore,202,Headphones,Fashion,1,36791
420,135,2024-02-25,Hyderabad,204,Shoes,Accessories,2,37791
401,178,2024-03-03,Hyderabad,211,Tablet,Fashion,4,1432
402,121,2024-01-01,Bangalore,219,Headphones,Electronics,4,4409
403,138,2024-03-03,Bangalore,209,Watch,Fashion,3,50311
404,142,2024-01-11,Bangalore,206,Headphones,Accessories,4,42690
405,113,2024-01-13,Bangalore,200,Laptop,Fashion,5,32383
406,134,2024-03-16,Hyderabad,202,Laptop,Accessories,3,6126
407,195,2024-02-10,Bangalore,209,Watch,Fashion,5,28359
408,189,2024-03-11,Bangalore,216,Watch,Fashion,5,14768
409,173,2024-03-15,Chennai,202,Keyboard,Electronics,4,18971
410,167,2024-01-26,Bangalore,219,Backpack,Accessories,3,34687
591,186,2024-01-24,Delhi,214,T-shirt,Accessories,1,25481
592,195,2024-01-27,Delhi,203,Phone,Accessories,3,14091
593,188,2024-02-22,Bangalore,213,Tablet,Electronics,1,10814
594,102,2024-02-13,Bangalore,206,T-shirt,Electronics,3,43906
595,113,2024-01-07,Chennai,209,Headphones,Fashion,3,40849
596,178,2024-02-15,Hyderabad,205,Mouse,Accessories,5,14216
597,170,2024-03-03,Bangalore,214,T-shirt,Accessories,4,4886
598,109,2024-01-21,Chennai,211,Laptop,Fashion,2,27974
599,191,2024-03-25,Chennai,219,Phone,Electronics,2,30381
600,189,2024-03-03,Delhi,217,Mouse,Accessories,1,12863
581,118,2024-01-19,Mumbai,214,Shoes,Fashion,5,27738
582,175,2024-01-14,Mumbai,200,Backpack,Fashion,2,46962
583,180,2024-01-21,Delhi,218,Headphones,Accessories,5,29385
584,132,2024-03-20,Mumbai,213,Mouse,Accessories,4,32142
585,110,2024-02-25,Delhi,218,Tablet,Fashion,5,43682
586,180,2024-02-10,Chennai,213,Phone,Electronics,2,18169
587,180,2024-03-29,Mumbai,208,T-shirt,Accessories,4,45171
588,126,2024-02-29,Mumbai,210,Phone,Fashion,5,18086
589,131,2024-02-18,Delhi,201,Laptop,Accessories,3,10019
590,132,2024-01-04,Bangalore,201,Headphones,Accessories,5,46026
571,113,2024-03-25,Bangalore,214,Backpack,Fashion,5,20512
572,141,2024-03-19,Hyderabad,200,Backpack,Accessories,3,16701
573,103,2024-01-21,Hyderabad,207,Keyboard,Electronics,4,17388
574,162,2024-01-09,Delhi,214,Keyboard,Accessories,2,27711
575,188,2024-03-11,Bangalore,217,Backpack,Accessories,4,24025
576,131,2024-01-16,Chennai,219,Laptop,Electronics,4,39044
577,165,2024-03-26,Chennai,203,Watch,Fashion,4,18900
578,177,2024-03-12,Delhi,215,Mouse,Electronics,4,24142
579,137,2024-02-12,Bangalore,214,Mouse,Fashion,4,31891
580,129,2024-02-24,Hyderabad,215,T-shirt,Accessories,3,36339
561,193,2024-02-17,Chennai,209,Phone,Fashion,5,26323
562,103,2024-02-27,Hyderabad,211,Headphones,Electronics,1,38152
563,163,2024-03-23,Delhi,212,Shoes,Accessories,3,3521
564,186,2024-01-15,Hyderabad,209,Backpack,Fashion,2,33150
565,153,2024-03-05,Chennai,216,Shoes,Electronics,5,41544
566,131,2024-01-09,Mumbai,206,Phone,Fashion,1,22163
567,161,2024-03-10,Hyderabad,214,Headphones,Fashion,5,42745
568,164,2024-03-03,Mumbai,213,T-shirt,Fashion,1,8392
569,151,2024-01-12,Hyderabad,218,Tablet,Fashion,5,40921
570,158,2024-02-16,Chennai,210,Shoes,Fashion,3,1982
551,179,2024-03-19,Chennai,206,Headphones,Accessories,5,1833
552,123,2024-01-09,Delhi,209,Shoes,Fashion,4,47771
553,177,2024-01-02,Delhi,216,Backpack,Fashion,4,36364
554,118,2024-03-12,Bangalore,212,Keyboard,Electronics,1,28231
555,147,2024-03-04,Hyderabad,208,Keyboard,Accessories,2,14819
556,173,2024-03-13,Chennai,215,Laptop,Electronics,4,1663
557,112,2024-02-21,Mumbai,215,Watch,Fashion,5,25263
558,167,2024-03-22,Mumbai,213,Mouse,Accessories,5,13686
559,159,2024-01-19,Bangalore,211,Laptop,Electronics,4,28945
560,184,2024-02-16,Hyderabad,213,Laptop,Electronics,4,49118
541,149,2024-02-22,Bangalore,204,Phone,Fashion,3,42255
542,171,2024-01-09,Bangalore,204,Laptop,Fashion,4,11872
543,192,2024-03-24,Chennai,212,Tablet,Fashion,1,15247
544,195,2024-03-22,Delhi,209,Tablet,Accessories,1,38592
545,132,2024-02-01,Delhi,217,Mouse,Electronics,2,23588
546,141,2024-03-05,Bangalore,207,Phone,Accessories,4,35947
547,139,2024-03-17,Hyderabad,214,Headphones,Fashion,2,16704
548,176,2024-03-18,Hyderabad,209,Watch,Electronics,3,39550
549,125,2024-03-27,Hyderabad,203,Backpack,Electronics,1,46811
550,117,2024-01-09,Chennai,207,Phone,Electronics,2,28236
531,187,2024-03-06,Hyderabad,218,Tablet,Fashion,4,48094
532,144,2024-02-01,Mumbai,201,Shoes,Fashion,3,24500
533,182,2024-03-04,Hyderabad,202,Headphones,Electronics,1,13784
534,193,2024-03-20,Delhi,209,Tablet,Accessories,3,6758
535,141,2024-03-02,Hyderabad,215,Watch,Fashion,5,4595
536,190,2024-01-25,Delhi,208,Phone,Electronics,5,7316
537,174,2024-01-30,Bangalore,219,Backpack,Accessories,5,37378
538,116,2024-02-25,Mumbai,219,Laptop,Electronics,1,12382
539,175,2024-01-06,Hyderabad,218,T-shirt,Electronics,4,7536
540,189,2024-01-04,Mumbai,207,Watch,Accessories,1,28733
521,177,2024-01-16,Mumbai,204,Tablet,Accessories,1,35459
522,197,2024-03-11,Chennai,210,Backpack,Electronics,2,26189
523,144,2024-02-29,Chennai,219,Mouse,Fashion,3,16099
524,122,2024-01-17,Bangalore,213,T-shirt,Electronics,3,9076
525,165,2024-03-08,Delhi,214,Shoes,Fashion,4,22831
526,124,2024-03-22,Delhi,203,T-shirt,Fashion,1,43706
527,189,2024-03-22,Chennai,206,Laptop,Electronics,5,23485
528,139,2024-02-23,Delhi,202,Laptop,Electronics,2,14281
529,157,2024-01-05,Mumbai,210,Mouse,Electronics,4,20745
530,179,2024-03-10,Mumbai,201,Phone,Accessories,1,7301
511,128,2024-01-01,Hyderabad,217,Keyboard,Accessories,5,49439
512,148,2024-02-13,Chennai,208,Shoes,Fashion,4,23301
513,103,2024-03-13,Chennai,203,Shoes,Electronics,4,34401
514,137,2024-03-16,Hyderabad,215,Backpack,Electronics,2,31734
515,121,2024-01-18,Bangalore,201,Tablet,Accessories,2,16665
516,100,2024-01-04,Hyderabad,216,Headphones,Fashion,1,31404
517,165,2024-02-05,Hyderabad,219,Keyboard,Electronics,2,19129
518,173,2024-02-18,Mumbai,217,Keyboard,Accessories,3,41549
519,172,2024-01-14,Mumbai,210,Keyboard,Fashion,1,49284
520,157,2024-03-27,Hyderabad,210,Watch,Electronics,4,15903
501,127,2024-02-10,Mumbai,215,T-shirt,Accessories,4,19212
502,199,2024-03-16,Bangalore,210,Phone,Fashion,3,33912
503,104,2024-01-22,Hyderabad,209,Laptop,Accessories,1,31134
504,149,2024-02-25,Delhi,203,Shoes,Electronics,2,5363
505,155,2024-02-14,Chennai,212,Headphones,Electronics,3,13994
506,191,2024-03-11,Hyderabad,208,T-shirt,Accessories,4,38134
507,165,2024-01-01,Hyderabad,205,Shoes,Accessories,1,19203
508,186,2024-01-19,Mumbai,208,Mouse,Fashion,2,17080
509,189,2024-02-11,Delhi,213,T-shirt,Electronics,5,11055
510,119,2024-02-01,Hyderabad,214,Shoes,Fashion,5,13726
691,153,2024-03-22,Chennai,215,Laptop,Accessories,4,40231
692,189,2024-01-08,Delhi,210,Laptop,Accessories,4,19121
693,103,2024-01-04,Hyderabad,209,Phone,Accessories,3,17324
694,118,2024-03-24,Hyderabad,211,T-shirt,Fashion,3,7930
695,117,2024-02-08,Delhi,216,Laptop,Accessories,2,1927
696,126,2024-01-20,Bangalore,218,Backpack,Accessories,4,23552
697,123,2024-03-10,Hyderabad,208,Backpack,Fashion,1,48813
698,160,2024-01-12,Chennai,213,Phone,Electronics,2,13500
699,140,2024-01-20,Chennai,217,Headphones,Electronics,2,894
700,108,2024-02-06,Delhi,214,Laptop,Electronics,3,29757
681,148,2024-02-28,Chennai,202,Laptop,Accessories,4,40046
682,185,2024-03-24,Hyderabad,208,Phone,Accessories,4,13890
683,145,2024-02-12,Hyderabad,211,Mouse,Electronics,2,3562
684,163,2024-03-28,Chennai,217,Headphones,Electronics,1,18358
685,125,2024-01-18,Hyderabad,208,Tablet,Electronics,4,28411
686,163,2024-02-15,Delhi,210,Keyboard,Fashion,3,49295
687,117,2024-03-27,Bangalore,209,Headphones,Fashion,2,29242
688,178,2024-01-18,Delhi,210,Keyboard,Fashion,4,10763
689,194,2024-01-09,Delhi,200,Phone,Fashion,3,44162
690,158,2024-01-26,Delhi,209,Watch,Electronics,3,40667
671,136,2024-02-08,Hyderabad,217,Laptop,Accessories,1,47847
672,156,2024-03-28,Hyderabad,219,Laptop,Fashion,2,50423
673,127,2024-02-03,Hyderabad,201,Watch,Fashion,4,29114
674,171,2024-03-18,Hyderabad,202,Shoes,Fashion,2,27620
675,176,2024-01-20,Delhi,206,Laptop,Electronics,5,9393
676,139,2024-02-11,Hyderabad,201,Phone,Electronics,2,2320
677,140,2024-03-25,Mumbai,208,Backpack,Fashion,4,870
678,171,2024-02-19,Mumbai,206,Backpack,Accessories,4,8954
679,194,2024-01-21,Bangalore,215,Phone,Accessories,3,14288
680,116,2024-01-02,Mumbai,216,Tablet,Accessories,2,16166
661,166,2024-02-05,Chennai,215,Mouse,Electronics,2,4216
662,133,2024-02-12,Bangalore,206,T-shirt,Electronics,5,2335
663,146,2024-01-22,Delhi,203,Headphones,Fashion,2,19380
664,189,2024-02-01,Hyderabad,206,Watch,Accessories,3,27932
665,136,2024-01-15,Delhi,203,T-shirt,Accessories,2,985
666,107,2024-01-30,Mumbai,201,Phone,Electronics,2,25048
667,137,2024-02-05,Chennai,201,Keyboard,Electronics,1,46904
668,142,2024-01-31,Mumbai,201,Shoes,Fashion,2,45775
669,157,2024-01-14,Hyderabad,214,Headphones,Fashion,3,920
670,172,2024-02-23,Chennai,204,Backpack,Electronics,2,24605
651,127,2024-03-24,Delhi,203,T-shirt,Fashion,4,27544
652,189,2024-03-17,Mumbai,206,Mouse,Fashion,1,34290
653,116,2024-03-13,Mumbai,204,T-shirt,Electronics,4,24270
654,135,2024-02-02,Delhi,212,Mouse,Electronics,1,28661
655,144,2024-02-16,Bangalore,214,Mouse,Fashion,3,11296
656,150,2024-03-20,Chennai,217,T-shirt,Accessories,1,37421
657,156,2024-02-23,Bangalore,213,Tablet,Fashion,3,28912
658,117,2024-01-18,Mumbai,210,Laptop,Accessories,4,33567
659,127,2024-02-06,Bangalore,216,Tablet,Accessories,3,10229
660,169,2024-03-20,Bangalore,219,Keyboard,Fashion,1,38582
641,155,2024-02-14,Delhi,209,Phone,Accessories,5,19179
642,195,2024-02-27,Bangalore,213,Tablet,Fashion,3,22636
643,162,2024-03-11,Hyderabad,219,Headphones,Electronics,4,7355
644,163,2024-03-11,Chennai,211,Mouse,Accessories,2,14272
645,135,2024-03-25,Delhi,206,Keyboard,Electronics,5,17772
646,198,2024-03-20,Mumbai,214,Shoes,Fashion,5,20412
647,112,2024-02-07,Delhi,207,T-shirt,Electronics,3,30647
648,127,2024-02-22,Hyderabad,211,T-shirt,Fashion,4,34118
649,143,2024-01-15,Mumbai,218,Shoes,Electronics,1,7477
650,138,2024-02-14,Bangalore,201,Headphones,Fashion,3,46642
631,132,2024-03-16,Bangalore,213,Backpack,Fashion,3,48557
632,126,2024-02-09,Mumbai,215,T-shirt,Accessories,4,17509
633,163,2024-01-15,Chennai,201,Headphones,Accessories,5,49031
634,138,2024-01-03,Chennai,216,Laptop,Accessories,5,9833
635,131,2024-01-03,Hyderabad,216,Headphones,Fashion,4,33059
636,140,2024-01-06,Hyderabad,206,Tablet,Electronics,5,33209
637,140,2024-01-06,Hyderabad,203,Backpack,Electronics,3,39941
638,163,2024-03-12,Hyderabad,200,Mouse,Fashion,5,32540
639,167,2024-02-10,Bangalore,216,Tablet,Accessories,3,24498
640,169,2024-01-02,Hyderabad,219,Mouse,Accessories,1,25270
621,191,2024-01-08,Delhi,201,Watch,Fashion,1,29695
622,161,2024-01-28,Delhi,208,Laptop,Accessories,1,18992
623,146,2024-01-20,Delhi,216,Mouse,Electronics,4,42755
624,194,2024-01-16,Hyderabad,214,Headphones,Fashion,4,44316
625,144,2024-02-25,Delhi,215,T-shirt,Accessories,2,45828
626,170,2024-03-11,Chennai,216,Headphones,Fashion,3,50108
627,157,2024-03-21,Delhi,201,Shoes,Fashion,4,7779
628,190,2024-01-10,Chennai,214,Laptop,Accessories,1,15802
629,145,2024-01-31,Bangalore,213,Watch,Accessories,2,22181
630,153,2024-02-05,Bangalore,213,Shoes,Accessories,1,41972
611,176,2024-02-01,Mumbai,202,Watch,Fashion,4,25134
612,154,2024-01-24,Delhi,209,Headphones,Electronics,5,31987
613,117,2024-03-28,Bangalore,214,T-shirt,Electronics,5,9497
614,103,2024-02-26,Hyderabad,208,Keyboard,Accessories,1,44865
615,104,2024-02-21,Delhi,217,Laptop,Fashion,2,1801
616,198,2024-03-15,Hyderabad,207,Tablet,Electronics,1,24765
617,194,2024-01-23,Mumbai,208,Keyboard,Electronics,5,23998
618,143,2024-03-10,Mumbai,207,Shoes,Accessories,4,39374
619,190,2024-01-19,Bangalore,218,T-shirt,Fashion,1,33575
620,176,2024-03-18,Chennai,206,T-shirt,Electronics,4,14165
601,121,2024-01-22,Mumbai,219,Watch,Fashion,1,48208
602,127,2024-02-17,Chennai,208,Backpack,Fashion,3,27291
603,136,2024-01-21,Hyderabad,208,Phone,Accessories,1,40821
604,187,2024-03-28,Bangalore,205,Headphones,Electronics,1,36069
605,144,2024-01-07,Hyderabad,219,Backpack,Accessories,3,26037
606,111,2024-01-02,Delhi,216,Backpack,Electronics,4,29921
607,111,2024-03-15,Delhi,208,Backpack,Fashion,4,1183
608,173,2024-02-28,Hyderabad,205,Watch,Fashion,2,25889
609,168,2024-03-22,Mumbai,212,Keyboard,Electronics,1,10595
610,169,2024-03-20,Bangalore,219,Mouse,Accessories,5,7304
791,107,2024-03-27,Mumbai,219,Shoes,Accessories,3,1809
792,193,2024-02-21,Hyderabad,212,Mouse,Accessories,5,36118
793,157,2024-03-07,Chennai,212,Shoes,Accessories,1,1138
794,159,2024-03-27,Chennai,201,Tablet,Electronics,1,44953
795,135,2024-01-08,Bangalore,212,Phone,Fashion,3,22790
796,198,2024-02-23,Hyderabad,207,Backpack,Accessories,4,47760
797,170,2024-03-02,Bangalore,209,Headphones,Electronics,2,5997
798,154,2024-02-07,Mumbai,217,Shoes,Electronics,5,46856
799,119,2024-01-19,Mumbai,209,Laptop,Fashion,1,13739
800,175,2024-03-27,Mumbai,216,Headphones,Electronics,5,11551
781,141,2024-02-07,Chennai,216,T-shirt,Accessories,5,20555
782,138,2024-03-03,Bangalore,213,Watch,Fashion,1,30133
783,169,2024-03-05,Mumbai,204,Backpack,Electronics,4,49274
784,169,2024-02-19,Delhi,215,Backpack,Fashion,1,47308
785,148,2024-02-26,Delhi,209,Watch,Fashion,3,33212
786,193,2024-03-03,Delhi,206,T-shirt,Electronics,2,38148
787,164,2024-03-27,Chennai,208,Tablet,Electronics,1,23361
788,181,2024-03-02,Chennai,217,Headphones,Accessories,5,36779
789,100,2024-03-15,Hyderabad,203,Headphones,Electronics,4,49130
790,153,2024-03-09,Hyderabad,212,Headphones,Accessories,2,44552
771,171,2024-03-25,Mumbai,218,Mouse,Electronics,3,47715
772,143,2024-02-01,Mumbai,204,T-shirt,Fashion,2,25977
773,167,2024-03-17,Bangalore,209,Backpack,Fashion,1,10305
774,156,2024-01-20,Mumbai,208,Keyboard,Electronics,4,8632
775,182,2024-02-26,Delhi,210,T-shirt,Fashion,3,15192
776,183,2024-01-25,Chennai,209,Backpack,Fashion,4,35817
777,116,2024-03-02,Chennai,212,Laptop,Fashion,3,22589
778,149,2024-01-15,Bangalore,200,Laptop,Accessories,2,13510
779,159,2024-01-19,Bangalore,211,Laptop,Electronics,4,31646
780,107,2024-02-16,Bangalore,205,Laptop,Fashion,3,37413
761,147,2024-01-15,Bangalore,209,Shoes,Electronics,4,48046
762,159,2024-01-13,Chennai,203,Phone,Fashion,5,34171
763,171,2024-02-21,Delhi,215,Backpack,Fashion,4,34684
764,130,2024-02-11,Mumbai,212,Mouse,Accessories,2,16647
765,150,2024-02-19,Bangalore,211,Laptop,Fashion,2,8967
766,102,2024-02-27,Hyderabad,211,T-shirt,Fashion,1,9955
767,193,2024-01-11,Delhi,209,Phone,Electronics,5,21268
768,136,2024-02-19,Delhi,216,Mouse,Fashion,5,25292
769,174,2024-01-20,Chennai,212,Headphones,Electronics,2,24102
770,146,2024-03-22,Hyderabad,219,Headphones,Fashion,4,6623
751,179,2024-02-26,Delhi,217,Phone,Accessories,5,45604
752,188,2024-03-03,Chennai,201,Mouse,Fashion,2,6706
753,179,2024-02-24,Delhi,208,Laptop,Accessories,5,43306
754,147,2024-03-14,Delhi,215,Mouse,Fashion,2,13034
755,132,2024-03-18,Bangalore,200,Shoes,Accessories,5,38033
756,108,2024-01-18,Delhi,217,Laptop,Accessories,1,12016
757,178,2024-01-23,Chennai,212,Headphones,Fashion,4,28997
758,175,2024-01-05,Hyderabad,218,Tablet,Fashion,5,9216
759,140,2024-02-14,Bangalore,214,Mouse,Accessories,3,851
760,183,2024-01-12,Hyderabad,207,Headphones,Fashion,3,17810
741,117,2024-03-14,Mumbai,208,Watch,Fashion,3,19590
742,112,2024-02-11,Chennai,206,Keyboard,Electronics,1,45097
743,134,2024-01-07,Bangalore,205,Headphones,Accessories,1,42495
744,174,2024-01-18,Delhi,204,Keyboard,Fashion,3,25490
745,189,2024-03-26,Hyderabad,211,Backpack,Accessories,4,43539
746,144,2024-02-25,Delhi,219,T-shirt,Electronics,4,8377
747,191,2024-01-10,Delhi,210,Watch,Fashion,3,33843
748,171,2024-02-21,Delhi,218,Headphones,Accessories,3,33025
749,102,2024-01-16,Delhi,209,Keyboard,Electronics,5,2867
750,160,2024-03-19,Mumbai,204,Tablet,Fashion,5,42952
731,178,2024-02-05,Delhi,217,Headphones,Electronics,2,35666
732,174,2024-02-27,Chennai,216,Laptop,Accessories,5,49372
733,144,2024-01-25,Hyderabad,207,Keyboard,Accessories,2,42598
734,116,2024-01-28,Hyderabad,202,T-shirt,Electronics,1,25003
735,108,2024-03-25,Mumbai,207,Headphones,Fashion,4,15764
736,133,2024-03-08,Delhi,208,Mouse,Fashion,2,29958
737,179,2024-01-18,Mumbai,205,Backpack,Accessories,2,30149
738,117,2024-01-09,Chennai,209,Tablet,Electronics,4,16367
739,154,2024-03-11,Bangalore,219,Shoes,Accessories,1,25885
740,116,2024-01-28,Hyderabad,205,Laptop,Fashion,4,5248
721,130,2024-01-24,Bangalore,201,Watch,Electronics,4,10454
722,110,2024-03-26,Mumbai,204,Mouse,Accessories,2,20231
723,187,2024-01-16,Bangalore,216,Laptop,Accessories,3,8035
724,110,2024-01-06,Chennai,215,Mouse,Electronics,4,14443
725,152,2024-03-12,Bangalore,209,Laptop,Electronics,2,34979
726,133,2024-02-25,Hyderabad,209,Laptop,Accessories,4,49205
727,163,2024-01-22,Bangalore,215,Mouse,Fashion,1,34845
728,111,2024-02-16,Bangalore,213,Headphones,Accessories,2,36484
729,198,2024-03-08,Chennai,217,Keyboard,Accessories,5,29436
730,107,2024-02-28,Hyderabad,203,Backpack,Electronics,4,11491
711,182,2024-02-09,Delhi,207,Backpack,Fashion,2,13288
712,119,2024-01-20,Mumbai,216,T-shirt,Accessories,3,10258
713,117,2024-01-29,Hyderabad,203,Keyboard,Accessories,1,7998
714,154,2024-01-27,Chennai,206,Shoes,Accessories,2,42421
715,157,2024-02-01,Hyderabad,203,Backpack,Fashion,4,41789
716,132,2024-01-12,Delhi,219,Backpack,Electronics,5,8671
717,124,2024-03-07,Chennai,211,Phone,Fashion,2,32753
718,159,2024-01-03,Bangalore,216,Mouse,Fashion,5,13495
719,171,2024-03-10,Delhi,208,Mouse,Electronics,4,32953
720,112,2024-03-03,Hyderabad,205,Shoes,Electronics,5,2115
701,159,2024-03-20,Delhi,210,T-shirt,Fashion,2,17193
702,194,2024-03-05,Delhi,213,Phone,Fashion,3,44446
703,160,2024-02-06,Hyderabad,214,Mouse,Accessories,1,9881
704,155,2024-01-19,Bangalore,202,Headphones,Fashion,3,28262
705,102,2024-02-11,Bangalore,216,Watch,Fashion,2,30696
706,140,2024-01-19,Chennai,208,T-shirt,Electronics,4,47141
707,164,2024-02-09,Bangalore,219,Shoes,Accessories,5,5813
708,165,2024-03-26,Delhi,200,Backpack,Fashion,4,26847
709,171,2024-01-02,Chennai,209,T-shirt,Accessories,2,18996
710,165,2024-01-14,Chennai,212,T-shirt,Electronics,4,10185
891,110,2024-03-27,Mumbai,211,Tablet,Electronics,1,4738
892,187,2024-01-11,Chennai,207,Phone,Electronics,2,1488
893,135,2024-03-06,Mumbai,211,Laptop,Fashion,3,20703
894,136,2024-02-24,Chennai,216,Watch,Fashion,1,42352
895,109,2024-03-26,Mumbai,208,Keyboard,Accessories,1,38004
896,120,2024-03-11,Bangalore,204,Phone,Accessories,3,33111
897,149,2024-02-18,Hyderabad,206,Phone,Fashion,4,7802
898,177,2024-02-07,Delhi,212,Mouse,Fashion,1,42535
899,188,2024-03-23,Chennai,215,Shoes,Fashion,2,29066
900,111,2024-03-17,Chennai,219,Laptop,Electronics,1,47355
881,145,2024-02-11,Chennai,206,Backpack,Accessories,3,34390
882,182,2024-01-07,Chennai,207,Shoes,Fashion,5,22931
883,133,2024-01-31,Delhi,206,T-shirt,Electronics,3,25287
884,106,2024-03-15,Chennai,203,Phone,Accessories,2,14692
885,164,2024-02-02,Chennai,205,Backpack,Accessories,5,9888
886,115,2024-01-17,Mumbai,217,Keyboard,Accessories,3,21606
887,131,2024-01-29,Delhi,205,Tablet,Electronics,1,50026
888,144,2024-01-23,Chennai,214,Phone,Accessories,4,40955
889,180,2024-02-23,Mumbai,201,T-shirt,Accessories,2,48919
890,198,2024-01-04,Bangalore,201,T-shirt,Electronics,4,42491
871,125,2024-03-08,Chennai,212,Shoes,Electronics,5,13030
872,152,2024-03-20,Chennai,211,Tablet,Electronics,5,6897
873,174,2024-01-30,Mumbai,201,Shoes,Fashion,3,35140
874,196,2024-03-08,Chennai,200,Tablet,Fashion,3,48277
875,154,2024-03-16,Mumbai,205,T-shirt,Fashion,4,43901
876,124,2024-02-26,Mumbai,203,T-shirt,Accessories,5,7933
877,105,2024-03-14,Chennai,204,Watch,Electronics,5,26052
878,110,2024-03-28,Mumbai,215,Watch,Fashion,5,9913
879,133,2024-01-10,Mumbai,204,Headphones,Electronics,4,8625
880,181,2024-02-23,Mumbai,217,Backpack,Electronics,1,22970
861,107,2024-01-01,Chennai,203,Laptop,Accessories,3,29528
862,164,2024-02-11,Mumbai,212,Keyboard,Fashion,2,5888
863,136,2024-02-15,Mumbai,212,Keyboard,Fashion,5,33934
864,185,2024-01-24,Delhi,200,Keyboard,Electronics,4,39646
865,155,2024-02-06,Bangalore,213,Laptop,Electronics,4,2832
866,130,2024-02-04,Chennai,216,Phone,Electronics,4,38905
867,157,2024-02-20,Hyderabad,213,Laptop,Accessories,2,21582
868,129,2024-01-19,Hyderabad,204,Headphones,Electronics,2,46919
869,171,2024-03-13,Chennai,218,Phone,Fashion,5,19949
870,138,2024-03-10,Delhi,204,Phone,Fashion,1,18394
851,158,2024-03-17,Mumbai,218,Laptop,Fashion,1,36940
852,111,2024-02-06,Delhi,201,Watch,Fashion,4,14689
853,102,2024-01-24,Bangalore,206,Keyboard,Fashion,1,45957
854,118,2024-01-20,Mumbai,216,T-shirt,Accessories,3,25439
855,118,2024-02-09,Delhi,215,Mouse,Fashion,1,48279
856,176,2024-03-29,Mumbai,219,Shoes,Accessories,3,4742
857,117,2024-02-25,Mumbai,218,Phone,Electronics,1,5566
858,101,2024-03-11,Chennai,219,Laptop,Electronics,2,26566
859,199,2024-02-07,Hyderabad,203,T-shirt,Accessories,2,39315
860,105,2024-03-25,Mumbai,218,Mouse,Electronics,2,18409
841,191,2024-02-14,Delhi,203,Backpack,Accessories,4,33316
842,115,2024-03-14,Delhi,211,Mouse,Electronics,3,34677
843,186,2024-01-26,Delhi,203,Watch,Fashion,5,46592
844,116,2024-01-06,Chennai,216,Keyboard,Fashion,2,42424
845,129,2024-03-28,Chennai,219,Phone,Electronics,4,15468
846,120,2024-01-13,Hyderabad,217,Shoes,Fashion,1,26674
847,130,2024-03-24,Delhi,219,Backpack,Fashion,4,4256
848,108,2024-01-17,Delhi,217,Watch,Electronics,1,42734
849,185,2024-03-07,Hyderabad,209,Mouse,Fashion,2,7411
850,180,2024-02-25,Delhi,210,T-shirt,Accessories,1,6322
831,119,2024-02-24,Mumbai,209,Mouse,Fashion,4,30474
832,110,2024-03-06,Bangalore,207,Keyboard,Electronics,5,15929
833,103,2024-01-22,Hyderabad,216,Keyboard,Fashion,3,8078
834,196,2024-02-03,Chennai,213,Tablet,Electronics,1,37672
835,111,2024-02-02,Mumbai,201,Shoes,Fashion,4,34688
836,121,2024-01-04,Mumbai,210,Phone,Fashion,1,40405
837,152,2024-01-21,Mumbai,204,Laptop,Accessories,1,40826
838,196,2024-02-05,Hyderabad,204,Mouse,Electronics,2,12283
839,139,2024-01-26,Bangalore,206,Mouse,Accessories,1,39609
840,183,2024-03-17,Delhi,203,Headphones,Fashion,2,23319
821,125,2024-03-23,Chennai,207,Watch,Fashion,5,27000
822,111,2024-03-28,Mumbai,212,T-shirt,Electronics,2,6955
823,151,2024-01-17,Bangalore,205,Laptop,Fashion,2,47016
824,100,2024-01-20,Hyderabad,215,Headphones,Fashion,4,47411
825,169,2024-03-01,Bangalore,206,Mouse,Fashion,4,4419
826,127,2024-01-13,Chennai,200,Watch,Accessories,5,6887
827,192,2024-01-22,Mumbai,209,Phone,Accessories,2,27104
828,173,2024-01-08,Hyderabad,215,Shoes,Fashion,3,19356
829,160,2024-03-20,Mumbai,206,Keyboard,Electronics,1,11933
830,180,2024-02-02,Bangalore,214,T-shirt,Electronics,1,15989
811,135,2024-03-18,Bangalore,212,Watch,Accessories,5,19832
812,109,2024-01-28,Bangalore,207,Shoes,Fashion,4,14082
813,147,2024-02-22,Mumbai,212,Backpack,Accessories,3,32673
814,147,2024-02-09,Delhi,210,Tablet,Fashion,5,27203
815,174,2024-01-13,Mumbai,217,Mouse,Electronics,3,34314
816,185,2024-01-22,Delhi,207,Phone,Accessories,4,36443
817,145,2024-01-10,Hyderabad,209,Keyboard,Accessories,1,31042
818,180,2024-01-16,Mumbai,215,Headphones,Electronics,2,21009
819,188,2024-01-18,Bangalore,218,T-shirt,Fashion,3,11597
820,148,2024-03-11,Mumbai,216,Backpack,Fashion,1,45906
801,131,2024-03-19,Mumbai,207,Backpack,Fashion,5,46181
802,163,2024-02-10,Bangalore,207,Keyboard,Electronics,1,18385
803,131,2024-02-13,Mumbai,218,Shoes,Accessories,3,10053
804,169,2024-03-24,Mumbai,216,Headphones,Electronics,3,35452
805,109,2024-02-02,Mumbai,212,Tablet,Electronics,1,28846
806,161,2024-02-05,Hyderabad,205,Shoes,Electronics,3,22645
807,174,2024-02-05,Delhi,209,Phone,Electronics,1,10000
808,171,2024-01-02,Chennai,211,Phone,Fashion,2,48426
809,196,2024-03-27,Chennai,211,Laptop,Fashion,1,26794
810,148,2024-03-18,Chennai,212,T-shirt,Fashion,5,5379
991,198,2024-02-25,Hyderabad,216,Backpack,Electronics,5,29021
992,132,2024-03-24,Delhi,209,Tablet,Accessories,4,33656
993,149,2024-02-14,Hyderabad,210,Headphones,Electronics,5,31969
994,137,2024-03-29,Delhi,200,T-shirt,Electronics,2,22542
995,151,2024-01-23,Delhi,217,Shoes,Fashion,1,45686
996,193,2024-03-26,Chennai,219,Phone,Electronics,1,35218
997,121,2024-01-01,Bangalore,218,Watch,Electronics,2,49096
998,117,2024-03-26,Bangalore,206,Phone,Electronics,1,35283
999,198,2024-03-15,Hyderabad,208,Headphones,Fashion,2,33780
1000,123,2024-01-15,Hyderabad,200,Backpack,Accessories,2,4461
981,170,2024-01-26,Bangalore,214,Headphones,Accessories,2,931
982,118,2024-03-21,Chennai,218,Mouse,Accessories,4,8355
983,141,2024-02-24,Chennai,203,Tablet,Accessories,3,48739
984,147,2024-02-11,Chennai,201,T-shirt,Electronics,2,8351
985,102,2024-02-27,Hyderabad,216,T-shirt,Accessories,4,2225
986,179,2024-03-21,Hyderabad,211,Backpack,Electronics,3,11732
987,145,2024-02-23,Delhi,206,Keyboard,Electronics,3,8710
988,111,2024-01-08,Hyderabad,202,Tablet,Accessories,1,19978
989,193,2024-02-16,Delhi,207,Tablet,Electronics,3,38725
990,147,2024-01-10,Hyderabad,202,Laptop,Electronics,3,34574
971,164,2024-01-16,Chennai,202,Backpack,Fashion,2,31427
972,141,2024-01-20,Chennai,209,Keyboard,Electronics,3,10712
973,165,2024-03-01,Bangalore,219,T-shirt,Electronics,3,22699
974,186,2024-01-01,Mumbai,202,Watch,Electronics,2,46038
975,153,2024-03-24,Hyderabad,210,Watch,Electronics,1,48008
976,135,2024-03-23,Mumbai,217,Keyboard,Fashion,1,13256
977,175,2024-01-01,Delhi,218,Shoes,Electronics,5,4432
978,183,2024-03-24,Hyderabad,216,Keyboard,Fashion,1,18128
979,121,2024-01-04,Mumbai,209,Backpack,Fashion,5,14955
980,167,2024-02-14,Mumbai,217,Phone,Fashion,1,42828
961,118,2024-02-02,Bangalore,205,T-shirt,Electronics,1,31704
962,104,2024-01-31,Mumbai,217,T-shirt,Fashion,5,50229
963,114,2024-03-07,Bangalore,203,Phone,Fashion,4,2262
964,195,2024-02-29,Mumbai,205,Mouse,Accessories,4,1331
965,183,2024-01-10,Hyderabad,218,Headphones,Electronics,3,22390
966,163,2024-03-17,Bangalore,204,Shoes,Accessories,5,44346
967,174,2024-01-07,Hyderabad,211,Tablet,Electronics,2,31686
968,119,2024-01-08,Chennai,200,Headphones,Accessories,5,38210
969,179,2024-03-03,Hyderabad,210,Shoes,Electronics,1,20576
970,180,2024-03-13,Delhi,215,Keyboard,Electronics,5,45671
951,101,2024-02-01,Delhi,212,Keyboard,Fashion,2,35567
952,140,2024-03-24,Mumbai,204,Mouse,Electronics,5,18926
953,189,2024-02-01,Hyderabad,204,Phone,Fashion,5,34416
954,144,2024-01-17,Mumbai,208,Laptop,Electronics,2,46869
955,163,2024-02-06,Hyderabad,207,Tablet,Electronics,1,4727
956,125,2024-01-01,Bangalore,207,Phone,Electronics,3,26979
957,185,2024-02-29,Delhi,217,Mouse,Fashion,4,31232
958,190,2024-03-01,Delhi,205,Watch,Electronics,3,26495
959,180,2024-02-11,Chennai,201,T-shirt,Accessories,4,10151
960,157,2024-01-26,Delhi,212,Shoes,Accessories,2,18839
941,186,2024-01-23,Delhi,207,Phone,Electronics,1,31967
942,166,2024-02-10,Bangalore,216,Headphones,Electronics,5,48747
943,129,2024-02-21,Hyderabad,205,Watch,Electronics,5,41132
944,114,2024-01-28,Hyderabad,210,Tablet,Fashion,4,30176
945,192,2024-03-15,Bangalore,206,Headphones,Fashion,4,6247
946,177,2024-02-15,Bangalore,212,Headphones,Fashion,4,28598
947,170,2024-03-15,Hyderabad,211,Mouse,Accessories,5,35099
948,173,2024-02-22,Delhi,217,Laptop,Accessories,4,8416
949,184,2024-03-09,Bangalore,219,Laptop,Electronics,4,25408
950,125,2024-03-10,Hyderabad,205,Mouse,Electronics,4,4435
931,130,2024-01-28,Delhi,203,Phone,Fashion,3,672
932,150,2024-02-18,Hyderabad,203,Watch,Electronics,1,2248
933,172,2024-02-18,Mumbai,218,Shoes,Accessories,4,7593
934,155,2024-02-01,Hyderabad,206,Tablet,Electronics,3,16377
935,188,2024-02-12,Delhi,200,Shoes,Fashion,3,38952
936,132,2024-01-30,Delhi,207,Keyboard,Accessories,2,15751
937,187,2024-02-12,Delhi,203,Keyboard,Fashion,1,15431
938,195,2024-03-21,Delhi,207,Phone,Accessories,4,31596
939,103,2024-01-29,Mumbai,207,Tablet,Fashion,2,15896
940,171,2024-03-01,Bangalore,219,Watch,Accessories,1,953
921,172,2024-02-25,Chennai,211,Laptop,Accessories,4,7211
922,171,2024-01-16,Delhi,202,Tablet,Accessories,3,28929
923,132,2024-03-22,Mumbai,201,T-shirt,Accessories,5,34041
924,162,2024-01-12,Delhi,208,Keyboard,Electronics,1,4029
925,102,2024-03-23,Mumbai,213,Phone,Electronics,5,45877
926,157,2024-01-15,Hyderabad,218,Tablet,Electronics,2,43509
927,118,2024-02-02,Bangalore,203,Phone,Fashion,1,34065
928,101,2024-01-05,Bangalore,217,Keyboard,Fashion,3,44156
929,170,2024-03-24,Mumbai,213,Mouse,Accessories,1,8436
930,144,2024-03-06,Bangalore,210,Tablet,Accessories,2,42987
911,119,2024-02-09,Mumbai,213,Headphones,Accessories,5,5837
912,154,2024-02-05,Bangalore,212,Mouse,Accessories,1,5065
913,144,2024-03-25,Bangalore,200,Phone,Electronics,1,3399
914,122,2024-03-28,Hyderabad,217,Mouse,Electronics,1,4103
915,192,2024-02-08,Bangalore,210,Tablet,Accessories,5,46262
916,186,2024-02-20,Bangalore,208,Tablet,Electronics,5,26344
917,174,2024-01-16,Delhi,213,Watch,Accessories,4,26158
918,150,2024-01-01,Mumbai,211,Laptop,Fashion,4,1996
919,107,2024-01-27,Bangalore,205,Headphones,Electronics,2,2043
920,112,2024-02-18,Bangalore,218,Backpack,Accessories,1,16756
901,104,2024-01-24,Hyderabad,219,Headphones,Fashion,2,41629
902,119,2024-02-17,Hyderabad,211,Keyboard,Electronics,1,28971
903,155,2024-01-07,Delhi,205,Laptop,Fashion,4,38328
904,185,2024-01-02,Mumbai,211,Laptop,Fashion,2,42111
905,112,2024-01-14,Bangalore,207,Backpack,Accessories,5,25620
906,110,2024-01-01,Delhi,212,Phone,Electronics,1,28792
907,167,2024-03-01,Bangalore,211,Phone,Fashion,4,17777
908,168,2024-02-04,Chennai,201,Keyboard,Accessories,1,33308
909,105,2024-01-26,Bangalore,209,T-shirt,Accessories,3,24043
910,185,2024-03-18,Delhi,203,Headphones,Electronics,4,45705
